Resource,ResourceGroup,CostUSD,PercentOfTotal
posfifo-dev-notifications,posfifo-dev-rg,13.148504000000,26.080314
posfifo-staging-notifications,posfifo-staging-rg,13.058934000000,25.902651
posfifo-prod-api,posfifo-prod-rg,11.550200000000,22.910047
posfifodevacr,posfifo-dev-rg,4.553769763200,9.032491
posfifo-staging-api,posfifo-staging-rg,2.125028000000,4.215035
posfifo-dev-api,posfifo-dev-rg,1.970436000000,3.908398
posfifo-dev-notifications-job-missed,posfifo-dev-rg,1.951747311828,3.871329
posfifo-staging-notifications-job-missed,posfifo-staging-rg,1.932258064516,3.832672
posfifodevkv,posfifo-dev-rg,0.041688000000,0.082689
posfifostagingkv,posfifo-staging-rg,0.039078000000,0.077512
posfifoprodkv,posfifo-prod-rg,0.025425000000,0.050431
posfifo-staging-migrate,posfifo-staging-rg,0.009868000000,0.019573
posfifo-dev-migrate,posfifo-dev-rg,0.008412000000,0.016685
posfifotfstatedev,posfifo-tfstate-rg,0.000063360000,0.000126
posfifodevmedia,posfifo-dev-rg,0.000021600000,0.000043
posfifoprodmedia,posfifo-prod-rg,0.000002160000,0.000004
posfifo-dev-notifications-ag,posfifo-dev-rg,0.000000000000,0.000000
posfifo-dev-law,posfifo-dev-rg,0.000000000000,0.000000
posfifoplatformpg,posfifo-platform-rg,0.000000000000,0.000000
posfifo-prod-law,posfifo-prod-rg,0.000000000000,0.000000
posfifo-staging-notifications-ag,posfifo-staging-rg,0.000000000000,0.000000
